account_id,customer_id,account_type,branch_id,balance,opened_date
1,1,Fixed Deposit,1,463315.92,2025-03-14
2,2,Recurring Deposit,4,478394.28,2025-04-18
3,3,Fixed Deposit,5,27847.29,2024-11-02
4,4,Fixed Deposit,2,310660.29,2021-04-24
5,5,Recurring Deposit,2,455831.7,2022-02-07
6,6,Fixed Deposit,5,273760.95,2023-12-14
7,7,Current,2,147794.68,2025-12-30
8,8,Current,1,94301.31,2025-03-10
9,9,Current,5,60557.55,2025-04-01
10,10,Savings,4,140277.01,2021-07-28
11,11,Fixed Deposit,2,81303.5,2025-05-16
12,12,Fixed Deposit,1,165950.83,2025-09-11
13,13,Current,1,77697.99,2025-01-28
14,14,Fixed Deposit,5,26376.87,2025-11-12
15,15,Fixed Deposit,4,395164.18,2023-04-13
16,16,Fixed Deposit,1,392231.69,2023-05-15
17,17,Fixed Deposit,5,110761.05,2025-03-05
18,18,Current,5,35020.06,2025-02-12
19,19,Current,4,271997.0,2023-06-28
20,20,Recurring Deposit,1,175352.07,2022-03-29
21,21,Current,3,166202.2,2022-10-20
22,22,Fixed Deposit,2,475203.83,2025-07-02
23,23,Recurring Deposit,5,412020.51,2022-06-16
24,24,Savings,1,334800.3,2021-04-14
25,25,Recurring Deposit,2,452343.73,2023-08-05
26,26,Current,1,341593.13,2024-09-28
27,27,Fixed Deposit,4,458050.28,2024-03-24
28,28,Savings,4,129038.69,2023-04-09
29,29,Fixed Deposit,1,455756.63,2025-07-10
30,30,Fixed Deposit,5,401605.55,2022-09-01
31,31,Recurring Deposit,4,22881.98,2025-12-06
32,32,Current,3,257433.46,2021-09-22
33,33,Savings,2,485842.76,2025-04-17
34,34,Savings,1,106179.96,2024-04-06
35,35,Current,4,417996.87,2025-11-30
36,36,Current,5,414545.59,2022-05-16
37,37,Recurring Deposit,1,373698.52,2025-06-16
38,38,Current,1,230153.39,2024-06-18
39,39,Fixed Deposit,1,44672.93,2023-07-29
40,40,Savings,2,397313.18,2023-04-07
41,41,Savings,5,410988.04,2021-04-19
42,42,Fixed Deposit,4,194628.27,2021-03-18
43,43,Recurring Deposit,4,158885.72,2022-11-01
44,44,Recurring Deposit,1,267882.35,2024-06-02
45,45,Savings,5,23712.91,2025-07-08
46,46,Savings,3,464095.83,2025-03-17
47,47,Savings,3,393659.06,2023-07-19
48,48,Fixed Deposit,5,44166.11,2024-03-09
49,49,Recurring Deposit,4,198161.52,2022-01-13
50,50,Savings,4,79005.41,2026-01-30
51,51,Current,2,373630.2,2022-03-01
52,52,Fixed Deposit,2,149730.2,2023-03-27
53,53,Fixed Deposit,1,277208.57,2025-11-18
54,54,Current,1,21844.8,2021-07-11
55,55,Recurring Deposit,5,274215.2,2021-05-17
56,56,Savings,3,105816.39,2023-11-15
57,57,Fixed Deposit,2,206914.59,2021-09-21
58,58,Current,2,92812.37,2024-10-24
59,59,Fixed Deposit,2,58196.65,2025-06-07
60,60,Savings,5,231171.34,2024-02-28
61,61,Savings,3,336170.94,2021-05-16
62,62,Fixed Deposit,1,99511.38,2023-10-17
63,63,Recurring Deposit,3,179212.04,2023-09-18
64,64,Current,1,143283.43,2023-02-18
65,65,Savings,2,159575.18,2025-06-14
66,66,Recurring Deposit,3,308554.87,2025-02-01
67,67,Fixed Deposit,5,77045.09,2026-01-11
68,68,Fixed Deposit,3,479370.8,2022-09-11
69,69,Current,1,157294.18,2023-02-10
70,70,Current,4,139063.24,2023-07-22
71,71,Fixed Deposit,2,340110.51,2021-09-24
72,72,Fixed Deposit,4,231961.34,2023-05-20
73,73,Fixed Deposit,3,243998.72,2021-09-10
74,74,Savings,2,323130.25,2023-08-17
75,75,Savings,3,429498.11,2022-05-04
76,76,Current,5,99019.53,2022-06-17
77,77,Savings,1,446160.49,2025-12-15
78,78,Savings,5,289871.49,2021-07-03
79,79,Current,1,276245.41,2023-02-27
80,80,Recurring Deposit,2,183543.5,2023-07-26
81,81,Current,5,366880.19,2023-11-19
82,82,Fixed Deposit,2,232885.87,2021-12-12
83,83,Savings,4,182568.91,2025-11-21
84,84,Savings,2,424142.94,2025-10-11
85,85,Current,5,71044.98,2025-01-03
86,86,Current,2,283612.27,2023-02-05
87,87,Current,4,469648.45,2025-06-02
88,88,Savings,2,380974.72,2023-12-22
89,89,Current,1,132914.2,2022-07-10
90,90,Current,1,334624.21,2025-09-30
91,91,Fixed Deposit,4,235367.44,2024-01-16
92,92,Recurring Deposit,1,20912.44,2023-05-12
93,93,Fixed Deposit,1,352164.39,2021-12-14
94,94,Fixed Deposit,3,289737.09,2025-05-21
95,95,Current,4,327183.98,2025-06-10
96,96,Fixed Deposit,5,327014.94,2023-05-24
97,97,Savings,5,126541.62,2025-02-25
98,98,Current,5,203515.26,2022-04-26
99,99,Fixed Deposit,4,396536.07,2023-11-15
100,100,Savings,5,441135.09,2022-11-16
101,101,Recurring Deposit,2,115765.39,2022-04-11
102,102,Fixed Deposit,2,75969.96,2021-07-28
103,103,Current,3,301408.12,2021-10-08
104,104,Savings,2,207892.23,2023-08-13
105,105,Fixed Deposit,1,241276.81,2025-09-20
106,106,Recurring Deposit,4,106141.27,2022-07-03
107,107,Current,4,12200.57,2026-01-14
108,108,Savings,2,287169.77,2022-11-09
109,109,Current,2,315140.67,2023-06-12
110,110,Savings,5,74285.68,2024-01-07
111,111,Current,3,461300.99,2021-06-10
112,112,Recurring Deposit,5,484652.6,2023-12-24
113,113,Savings,3,473679.68,2024-04-18
114,114,Current,4,303656.42,2023-11-14
115,115,Recurring Deposit,4,86112.83,2026-01-05
116,116,Recurring Deposit,5,72213.36,2021-04-18
117,117,Current,5,330164.73,2023-04-12
118,118,Fixed Deposit,2,362369.21,2022-02-12
119,119,Fixed Deposit,4,298670.15,2024-02-18
120,120,Savings,2,189727.46,2026-01-04
121,121,Current,1,9264.75,2025-10-13
122,122,Recurring Deposit,2,303150.0,2023-12-30
123,123,Current,4,450902.5,2025-10-22
124,124,Savings,5,252161.27,2022-11-08
125,125,Savings,1,241638.23,2022-12-24
126,126,Current,5,270103.71,2024-05-22
127,127,Savings,4,261500.07,2022-03-22
128,128,Fixed Deposit,1,349123.76,2024-02-19
129,129,Recurring Deposit,2,469272.39,2022-12-31
130,130,Recurring Deposit,4,175908.39,2022-07-05
131,131,Savings,4,67807.67,2025-01-24
132,132,Recurring Deposit,2,455132.59,2024-05-14
133,133,Savings,3,299547.88,2022-05-11
134,134,Recurring Deposit,3,95321.49,2024-04-10
135,135,Savings,5,261747.77,2024-06-05
136,136,Savings,4,327618.51,2021-11-15
137,137,Fixed Deposit,4,181772.63,2023-03-07
138,138,Current,4,326136.39,2024-11-02
139,139,Fixed Deposit,3,427633.49,2026-01-27
140,140,Recurring Deposit,5,183456.4,2025-08-20
141,141,Fixed Deposit,4,377730.98,2022-10-20
142,142,Recurring Deposit,5,392110.42,2024-08-28
143,143,Recurring Deposit,2,185736.27,2025-11-03
144,144,Recurring Deposit,3,494265.62,2023-08-03
145,145,Fixed Deposit,4,368155.43,2021-12-14
146,146,Savings,2,223850.84,2022-08-09
147,147,Current,1,108014.61,2022-05-03
148,148,Recurring Deposit,3,400626.01,2025-07-28
149,149,Savings,2,195162.74,2021-12-15
150,150,Savings,1,411804.48,2025-02-17
151,151,Recurring Deposit,5,218253.34,2024-09-12
152,152,Savings,3,111663.35,2024-03-17
153,153,Savings,5,19839.91,2022-02-15
154,154,Recurring Deposit,4,307368.83,2022-09-10
155,155,Fixed Deposit,5,29674.05,2021-08-19
156,156,Current,4,220047.05,2024-02-29
157,157,Current,5,143717.25,2025-07-28
158,158,Savings,5,255763.38,2026-03-03
159,159,Current,5,85571.96,2024-03-03
160,160,Savings,3,120389.06,2023-06-09
161,161,Savings,2,44334.56,2025-09-08
162,162,Fixed Deposit,4,177210.7,2022-12-18
163,163,Recurring Deposit,4,293454.0,2022-07-29
164,164,Savings,1,459669.53,2025-04-17
165,165,Fixed Deposit,5,457589.48,2023-01-06
166,166,Fixed Deposit,3,481680.54,2022-02-06
167,167,Fixed Deposit,2,303575.34,2021-07-08
168,168,Current,4,464927.21,2021-07-10
169,169,Savings,3,88342.36,2024-02-25
170,170,Savings,5,37120.6,2023-01-08
171,171,Fixed Deposit,3,473560.72,2024-09-26
172,172,Fixed Deposit,5,406760.53,2023-04-13
173,173,Fixed Deposit,4,483061.67,2022-06-11
174,174,Recurring Deposit,2,378979.17,2025-12-08
175,175,Recurring Deposit,4,448365.39,2025-06-16
176,176,Savings,4,59017.88,2023-03-02
177,177,Savings,4,317197.24,2022-03-31
178,178,Current,2,400280.54,2021-11-26
179,179,Recurring Deposit,3,258735.6,2022-08-13
180,180,Savings,3,124880.55,2024-08-23
181,181,Savings,4,337175.26,2021-08-05
182,182,Fixed Deposit,1,277721.2,2023-05-20
183,183,Current,4,157622.52,2024-06-22
184,184,Current,5,135268.82,2023-01-26
185,185,Current,4,368819.01,2021-09-08
186,186,Current,2,436498.51,2023-07-16
187,187,Current,2,102180.51,2023-06-17
188,188,Current,5,178657.66,2024-09-24
189,189,Savings,1,460173.88,2023-11-25
190,190,Recurring Deposit,5,4305.21,2022-12-04
191,191,Savings,4,186227.07,2022-02-25
192,192,Fixed Deposit,4,449162.48,2022-05-13
193,193,Fixed Deposit,4,92253.06,2021-12-23
194,194,Fixed Deposit,4,111824.3,2024-01-30
195,195,Current,1,263341.99,2023-05-12
196,196,Recurring Deposit,4,469887.56,2023-03-05
197,197,Savings,5,174297.19,2024-04-16
198,198,Current,4,488277.09,2022-03-08
199,199,Recurring Deposit,3,344916.06,2023-03-18
200,200,Savings,2,190334.57,2025-05-22
201,201,Savings,3,181439.56,2022-03-12
202,202,Fixed Deposit,2,274733.14,2026-03-06
203,203,Current,3,236201.34,2021-08-20
204,204,Fixed Deposit,3,92772.92,2025-05-12
205,205,Recurring Deposit,2,210127.38,2021-06-05
206,206,Fixed Deposit,3,427308.72,2021-03-26
207,207,Fixed Deposit,4,90764.73,2023-06-16
208,208,Current,5,343319.94,2025-04-18
209,209,Savings,3,402239.7,2025-03-14
210,210,Recurring Deposit,4,98835.54,2023-06-23
211,211,Current,4,403028.51,2021-09-10
212,212,Current,4,250299.32,2022-02-01
213,213,Fixed Deposit,4,150717.06,2021-11-26
214,214,Savings,4,50388.42,2022-07-09
215,215,Current,1,108518.2,2023-02-13
216,216,Fixed Deposit,4,419646.88,2021-12-26
217,217,Savings,4,372552.02,2023-12-30
218,218,Fixed Deposit,3,180792.98,2022-03-30
219,219,Fixed Deposit,3,10897.83,2023-10-10
220,220,Savings,3,433816.92,2023-08-04
221,221,Current,5,288371.33,2024-11-13
222,222,Current,3,178199.41,2024-07-02
223,223,Recurring Deposit,4,444926.59,2023-04-25
224,224,Recurring Deposit,5,143975.26,2022-05-06
225,225,Current,2,320649.75,2022-05-14
226,226,Fixed Deposit,4,316005.43,2024-10-22
227,227,Recurring Deposit,1,40476.85,2024-02-14
228,228,Fixed Deposit,2,157427.55,2023-09-28
229,229,Fixed Deposit,3,303087.1,2022-11-01
230,230,Recurring Deposit,3,443958.21,2021-06-09
231,231,Fixed Deposit,5,260946.91,2025-07-20
232,232,Recurring Deposit,4,84491.74,2022-07-19
233,233,Savings,2,364158.44,2025-10-22
234,234,Fixed Deposit,1,106075.17,2021-10-17
235,235,Recurring Deposit,1,48681.31,2024-12-11
236,236,Recurring Deposit,5,27858.89,2025-03-05
237,237,Recurring Deposit,5,382733.19,2025-07-17
238,238,Savings,1,131963.68,2024-01-28
239,239,Current,1,327761.51,2025-04-21
240,240,Recurring Deposit,3,115448.62,2023-06-07
241,241,Fixed Deposit,4,313613.86,2023-12-27
242,242,Current,5,419420.37,2024-05-22
243,243,Savings,1,332111.02,2025-05-31
244,244,Fixed Deposit,4,234129.54,2023-05-28
245,245,Fixed Deposit,5,222977.62,2023-05-15
246,246,Current,5,299194.52,2025-10-28
247,247,Recurring Deposit,5,320253.47,2023-11-23
248,248,Fixed Deposit,3,241344.19,2024-10-31
249,249,Current,1,221488.29,2021-03-24
250,250,Fixed Deposit,4,130643.71,2021-11-15
251,251,Fixed Deposit,1,1046.08,2024-09-10
252,252,Current,3,144094.36,2023-08-14
253,253,Savings,4,473531.8,2025-02-24
254,254,Recurring Deposit,3,5557.17,2021-04-12
255,255,Recurring Deposit,3,298904.87,2023-07-28
256,256,Savings,5,187448.29,2025-12-05
257,257,Recurring Deposit,5,219116.08,2022-08-21
258,258,Current,2,357754.05,2023-05-14
259,259,Recurring Deposit,4,111075.62,2025-09-25
260,260,Savings,4,313036.18,2021-04-27
261,261,Fixed Deposit,3,324580.06,2024-04-21
262,262,Fixed Deposit,4,94812.31,2025-06-30
263,263,Savings,2,69175.39,2025-05-19
264,264,Savings,4,309246.98,2023-08-10
265,265,Fixed Deposit,5,246506.01,2022-01-21
266,266,Fixed Deposit,1,76922.5,2023-07-16
267,267,Savings,2,486193.97,2022-06-21
268,268,Fixed Deposit,3,63394.56,2024-08-18
269,269,Recurring Deposit,1,117172.44,2025-03-12
270,270,Current,1,247296.2,2026-02-23
271,271,Fixed Deposit,4,156476.77,2023-10-13
272,272,Recurring Deposit,3,232378.55,2022-01-26
273,273,Savings,3,41031.33,2023-06-04
274,274,Current,1,133985.29,2022-06-14
275,275,Recurring Deposit,1,272052.78,2021-11-05
276,276,Current,2,447953.79,2022-05-15
277,277,Fixed Deposit,4,414297.77,2024-07-13
278,278,Savings,2,193014.15,2021-12-16
279,279,Recurring Deposit,2,369071.89,2023-05-09
280,280,Savings,2,230956.48,2024-06-21
281,281,Savings,5,333337.93,2023-01-29
282,282,Current,4,195172.36,2022-10-31
283,283,Fixed Deposit,3,80147.11,2022-07-20
284,284,Savings,5,260942.2,2025-12-23
285,285,Fixed Deposit,4,319621.49,2021-09-28
286,286,Current,3,443872.27,2024-10-27
287,287,Current,1,118746.95,2022-05-14
288,288,Recurring Deposit,3,8518.78,2025-08-13
289,289,Fixed Deposit,5,60705.15,2025-10-29
290,290,Current,1,484448.63,2025-03-20
291,291,Recurring Deposit,5,78340.98,2022-05-08
292,292,Savings,2,79691.53,2022-03-17
293,293,Savings,5,169872.63,2022-05-07
294,294,Savings,1,178403.32,2024-06-21
295,295,Current,5,395941.66,2024-02-07
296,296,Current,4,117104.64,2025-01-19
297,297,Fixed Deposit,4,366861.23,2024-06-14
298,298,Savings,4,179725.58,2024-08-31
299,299,Current,3,449432.86,2024-10-23
300,300,Recurring Deposit,4,279953.37,2022-08-03
301,301,Recurring Deposit,2,283784.17,2023-07-16
302,302,Fixed Deposit,3,366468.8,2022-08-26
303,303,Fixed Deposit,5,457322.53,2021-12-12
304,304,Current,1,266037.58,2022-08-22
305,305,Recurring Deposit,3,409889.86,2025-04-24
306,306,Fixed Deposit,4,1359.19,2026-01-04
307,307,Recurring Deposit,2,441583.25,2022-05-06
308,308,Fixed Deposit,5,120154.49,2022-06-16
309,309,Savings,5,409705.82,2022-12-04
310,310,Current,5,341928.87,2024-05-16
311,311,Current,5,142281.41,2024-07-02
312,312,Recurring Deposit,3,56121.6,2023-09-05
313,313,Savings,1,417761.49,2023-06-12
314,314,Current,2,436872.9,2025-11-17
315,315,Current,1,243199.77,2021-04-06
316,316,Savings,1,285935.08,2021-11-29
317,317,Recurring Deposit,4,263384.86,2024-10-28
318,318,Fixed Deposit,1,183810.66,2021-12-07
319,319,Savings,1,465175.31,2025-01-08
320,320,Current,4,464273.46,2025-11-03
321,321,Savings,4,400708.95,2023-05-24
322,322,Savings,3,279451.92,2024-04-14
323,323,Recurring Deposit,3,397330.54,2022-01-08
324,324,Savings,5,133642.0,2022-11-18
325,325,Savings,1,417393.79,2022-04-08
326,326,Savings,2,480332.79,2021-11-14
327,327,Savings,1,362860.79,2022-08-07
328,328,Recurring Deposit,2,97366.6,2024-07-26
329,329,Current,5,313037.2,2024-10-30
330,330,Current,5,374847.98,2021-11-26
331,331,Recurring Deposit,1,383375.43,2023-03-30
332,332,Fixed Deposit,4,351572.66,2023-12-18
333,333,Recurring Deposit,1,84237.85,2022-02-12
334,334,Current,5,201377.03,2021-11-23
335,335,Fixed Deposit,2,267416.34,2024-04-23
336,336,Recurring Deposit,3,451340.0,2024-09-26
337,337,Fixed Deposit,3,206759.3,2025-01-29
338,338,Recurring Deposit,3,304598.27,2021-08-13
339,339,Current,4,383088.4,2023-07-01
340,340,Fixed Deposit,3,480864.24,2022-08-17
341,341,Recurring Deposit,4,1097.62,2023-09-23
342,342,Savings,3,298285.65,2025-03-03
343,343,Current,3,4277.85,2023-02-05
344,344,Current,2,428004.49,2025-08-20
345,345,Savings,3,459636.93,2025-03-30
346,346,Current,1,19830.41,2024-07-06
347,347,Fixed Deposit,2,70065.69,2024-02-17
348,348,Fixed Deposit,5,125678.6,2022-01-24
349,349,Fixed Deposit,3,46860.66,2024-02-25
350,350,Recurring Deposit,5,459023.02,2022-05-25
351,351,Savings,3,396659.19,2022-06-19
352,352,Current,4,413026.92,2025-12-26
353,353,Savings,5,321485.06,2023-04-07
354,354,Savings,5,191391.51,2022-03-26
355,355,Savings,3,174617.17,2022-04-25
356,356,Recurring Deposit,4,465192.8,2023-01-23
357,357,Savings,2,374091.65,2023-07-08
358,358,Savings,4,28009.85,2021-08-17
359,359,Savings,3,270424.93,2025-04-04
360,360,Current,3,251698.4,2023-03-06
361,361,Current,2,26209.39,2022-07-14
362,362,Recurring Deposit,4,376667.26,2021-12-01
363,363,Savings,2,216535.9,2024-12-09
364,364,Recurring Deposit,2,66962.33,2022-01-12
365,365,Savings,4,286148.85,2023-04-17
366,366,Savings,5,200196.46,2021-03-20
367,367,Savings,4,251409.73,2022-10-09
368,368,Current,2,240980.33,2025-04-15
369,369,Current,4,198264.08,2025-12-10
370,370,Current,5,308382.42,2022-07-31
371,371,Current,2,36750.35,2024-05-06
372,372,Recurring Deposit,3,342684.25,2024-07-01
373,373,Savings,1,336202.03,2022-09-06
374,374,Recurring Deposit,3,174805.62,2024-11-19
375,375,Fixed Deposit,3,297344.7,2023-09-28
376,376,Savings,3,85458.38,2023-05-01
377,377,Fixed Deposit,5,410970.44,2024-05-05
378,378,Recurring Deposit,5,73763.42,2024-04-06
379,379,Savings,2,100642.92,2021-12-20
380,380,Fixed Deposit,2,379109.16,2023-10-20
381,381,Savings,1,370051.23,2023-11-28
382,382,Current,5,463438.12,2024-04-14
383,383,Fixed Deposit,1,172292.41,2024-09-26
384,384,Savings,3,225580.72,2022-02-25
385,385,Savings,3,105295.76,2023-06-17
386,386,Current,2,273665.68,2023-10-01
387,387,Fixed Deposit,5,242030.14,2021-05-12
388,388,Current,1,188926.73,2025-01-11
389,389,Savings,3,85989.5,2022-12-09
390,390,Fixed Deposit,2,394805.06,2021-12-29
391,391,Fixed Deposit,1,233015.45,2024-03-23
392,392,Savings,1,194933.93,2021-08-17
393,393,Fixed Deposit,3,432276.85,2024-09-23
394,394,Savings,3,433837.81,2025-01-19
395,395,Recurring Deposit,2,489916.63,2022-08-29
396,396,Savings,3,242846.41,2022-02-12
397,397,Savings,2,100238.72,2021-12-08
398,398,Recurring Deposit,5,463248.64,2025-03-06
399,399,Savings,1,124448.68,2023-03-20
400,400,Fixed Deposit,3,245476.49,2022-04-07
401,401,Current,1,174043.17,2025-08-15
402,402,Fixed Deposit,3,312990.25,2024-10-17
403,403,Current,5,138663.26,2022-05-22
404,404,Savings,3,439459.96,2023-02-05
405,405,Savings,5,474609.09,2023-10-07
406,406,Current,2,171551.29,2025-08-24
407,407,Recurring Deposit,2,44809.71,2024-05-20
408,408,Recurring Deposit,5,480342.24,2026-03-01
409,409,Current,4,120940.04,2022-12-06
410,410,Current,4,485298.05,2025-12-09
411,411,Fixed Deposit,4,271574.64,2024-11-08
412,412,Current,2,290934.32,2022-01-04
413,413,Current,2,155190.2,2023-09-26
414,414,Current,4,497847.21,2025-06-06
415,415,Current,5,458638.95,2023-07-12
416,416,Fixed Deposit,1,279112.81,2023-09-10
417,417,Savings,2,159481.2,2022-10-11
418,418,Current,1,382952.07,2024-05-15
419,419,Recurring Deposit,4,152370.7,2023-03-05
420,420,Fixed Deposit,2,389774.83,2024-04-19
421,421,Savings,2,93188.5,2024-12-19
422,422,Fixed Deposit,5,283954.5,2022-01-11
423,423,Current,5,116859.08,2023-12-15
424,424,Savings,3,40658.24,2021-09-11
425,425,Recurring Deposit,2,251659.97,2023-01-25
426,426,Recurring Deposit,3,92804.26,2022-03-30
427,427,Recurring Deposit,4,237449.61,2025-04-01
428,428,Current,2,113910.26,2024-11-03
429,429,Recurring Deposit,1,462792.11,2024-05-13
430,430,Recurring Deposit,2,371440.96,2025-02-01
431,431,Current,2,34002.03,2021-07-26
432,432,Recurring Deposit,5,245481.51,2022-01-03
433,433,Fixed Deposit,4,443905.87,2022-01-24
434,434,Recurring Deposit,4,388331.14,2021-04-19
435,435,Recurring Deposit,3,197681.2,2025-07-22
436,436,Savings,5,55548.83,2021-07-05
437,437,Recurring Deposit,1,439012.19,2024-04-17
438,438,Current,5,269396.7,2024-03-23
439,439,Savings,5,194311.53,2021-11-16
440,440,Savings,2,146298.5,2025-07-17
441,441,Recurring Deposit,3,387064.83,2021-10-27
442,442,Fixed Deposit,4,84076.81,2022-07-15
443,443,Fixed Deposit,5,459597.38,2022-09-28
444,444,Current,4,415116.86,2024-02-11
445,445,Recurring Deposit,1,361600.75,2022-07-27
446,446,Savings,2,389586.84,2023-10-24
447,447,Current,4,207366.09,2024-08-22
448,448,Recurring Deposit,1,90260.41,2021-05-29
449,449,Current,4,45999.65,2023-02-20
450,450,Fixed Deposit,2,359468.99,2026-01-16
451,451,Savings,1,57968.3,2021-06-06
452,452,Recurring Deposit,3,43567.97,2023-09-04
453,453,Recurring Deposit,5,306424.19,2022-12-01
454,454,Current,4,275622.6,2022-09-12
455,455,Savings,2,456214.14,2024-04-08
456,456,Current,2,434540.45,2021-08-22
457,457,Current,1,210371.26,2022-06-26
458,458,Fixed Deposit,4,145101.49,2025-04-04
459,459,Current,1,449372.41,2025-10-02
460,460,Current,1,311657.6,2024-05-13
461,461,Fixed Deposit,1,229862.69,2023-11-30
462,462,Recurring Deposit,5,403919.83,2022-08-09
463,463,Recurring Deposit,2,109220.05,2022-06-18
464,464,Recurring Deposit,4,205665.53,2025-11-17
465,465,Savings,5,300450.95,2022-04-24
466,466,Current,5,139778.36,2025-09-05
467,467,Current,1,93235.15,2025-02-20
468,468,Savings,3,19323.8,2023-03-01
469,469,Savings,5,419169.2,2025-08-10
470,470,Fixed Deposit,3,460271.96,2024-10-20
471,471,Savings,1,209061.51,2022-11-21
472,472,Current,2,336373.16,2025-06-29
473,473,Current,4,374918.07,2021-10-21
474,474,Fixed Deposit,1,47470.02,2023-10-25
475,475,Fixed Deposit,3,184916.14,2025-06-17
476,476,Recurring Deposit,1,379462.55,2024-01-08
477,477,Savings,3,235937.61,2023-07-12
478,478,Savings,3,165275.05,2022-10-25
479,479,Recurring Deposit,5,105712.84,2022-01-14
480,480,Current,5,30034.11,2022-02-03
481,481,Savings,4,362312.99,2024-12-03
482,482,Fixed Deposit,4,304813.46,2025-05-02
483,483,Fixed Deposit,3,263170.22,2022-11-21
484,484,Fixed Deposit,2,307530.7,2024-08-13
485,485,Recurring Deposit,5,364863.19,2025-04-19
486,486,Recurring Deposit,4,404182.2,2025-04-09
487,487,Current,3,489649.57,2023-09-09
488,488,Savings,1,12969.41,2021-05-28
489,489,Savings,2,399982.61,2025-06-22
490,490,Recurring Deposit,4,23700.6,2021-10-18
491,491,Fixed Deposit,5,403215.72,2024-06-19
492,492,Current,1,320668.54,2024-12-09
493,493,Fixed Deposit,3,395307.56,2021-12-18
494,494,Fixed Deposit,3,253838.12,2024-05-30
495,495,Fixed Deposit,1,57804.54,2025-01-12
496,496,Fixed Deposit,3,198628.61,2021-05-20
497,497,Savings,2,97813.77,2023-05-25
498,498,Fixed Deposit,4,458165.36,2025-04-13
499,499,Savings,2,241266.27,2025-11-12
500,500,Recurring Deposit,5,448068.37,2023-12-04
501,501,Recurring Deposit,4,463967.2,2023-06-01
502,502,Savings,5,150372.53,2023-12-10
503,503,Fixed Deposit,5,268406.85,2022-12-26
504,504,Current,5,343061.16,2023-10-09
505,505,Fixed Deposit,1,484837.03,2023-03-22
506,506,Fixed Deposit,1,170237.06,2023-05-23
507,507,Recurring Deposit,5,421360.48,2022-05-06
508,508,Recurring Deposit,2,298000.74,2023-06-18
509,509,Fixed Deposit,3,355210.17,2022-05-16
510,510,Fixed Deposit,4,44312.09,2021-05-04
511,511,Current,3,226501.26,2021-12-28
512,512,Fixed Deposit,2,263025.11,2024-09-21
513,513,Current,1,187733.63,2022-11-17
514,514,Savings,2,456763.57,2023-09-29
515,515,Recurring Deposit,5,13442.45,2025-05-25
516,516,Recurring Deposit,5,77884.81,2024-05-03
517,517,Fixed Deposit,4,366488.09,2025-05-17
518,518,Fixed Deposit,3,72504.23,2025-08-07
519,519,Savings,5,338681.93,2024-04-21
520,520,Current,2,362560.75,2022-08-27
521,521,Recurring Deposit,4,357125.02,2022-09-21
522,522,Savings,1,156179.68,2024-08-11
523,523,Savings,5,436065.67,2022-01-20
524,524,Fixed Deposit,4,444703.75,2021-04-11
525,525,Savings,5,383323.91,2021-12-09
526,526,Fixed Deposit,1,289202.36,2025-04-17
527,527,Fixed Deposit,2,161119.3,2021-05-29
528,528,Current,3,139048.12,2023-12-20
529,529,Fixed Deposit,4,335890.9,2021-09-17
530,530,Fixed Deposit,2,79590.51,2022-01-18
531,531,Savings,1,479190.73,2023-03-31
532,532,Savings,2,271721.83,2025-03-07
533,533,Fixed Deposit,3,71636.86,2022-10-14
534,534,Fixed Deposit,5,123167.71,2024-07-14
535,535,Savings,3,307018.18,2023-04-19
536,536,Fixed Deposit,5,222380.17,2025-08-11
537,537,Current,1,235897.05,2021-06-23
538,538,Savings,1,192416.22,2025-10-18
539,539,Savings,4,196566.46,2021-10-25
540,540,Recurring Deposit,5,178456.53,2025-10-16
541,541,Fixed Deposit,2,356736.44,2023-04-16
542,542,Savings,4,284326.86,2022-07-24
543,543,Savings,4,49534.24,2023-07-13
544,544,Fixed Deposit,4,235802.39,2024-02-14
545,545,Current,2,430687.04,2024-06-20
546,546,Fixed Deposit,3,196646.38,2024-10-11
547,547,Fixed Deposit,3,227188.25,2023-11-27
548,548,Savings,1,238191.85,2022-11-01
549,549,Fixed Deposit,4,231159.6,2021-04-19
550,550,Current,3,384202.82,2022-10-08
551,551,Current,5,52363.17,2022-01-18
552,552,Savings,3,278518.78,2023-02-18
553,553,Savings,3,266840.04,2021-12-14
554,554,Recurring Deposit,5,207307.51,2023-02-11
555,555,Current,5,80351.12,2024-05-03
556,556,Recurring Deposit,4,33963.91,2024-08-31
557,557,Current,5,216143.1,2024-10-20
558,558,Recurring Deposit,5,393876.06,2022-09-15
559,559,Current,2,331643.52,2023-01-26
560,560,Savings,5,418537.35,2021-12-27
561,561,Savings,5,298441.67,2022-01-09
562,562,Fixed Deposit,5,49729.3,2024-07-03
563,563,Recurring Deposit,2,154709.83,2022-01-09
564,564,Recurring Deposit,1,299531.33,2022-08-17
565,565,Recurring Deposit,3,247653.28,2025-11-13
566,566,Savings,1,109588.27,2021-04-23
567,567,Current,5,451724.75,2026-01-05
568,568,Savings,2,330779.82,2022-08-09
569,569,Recurring Deposit,5,146460.12,2024-04-02
570,570,Recurring Deposit,2,103625.18,2023-07-02
571,571,Fixed Deposit,3,285567.93,2022-05-04
572,572,Fixed Deposit,4,359177.82,2025-08-14
573,573,Fixed Deposit,1,291780.76,2026-01-26
574,574,Recurring Deposit,2,426400.08,2023-03-16
575,575,Savings,3,450636.77,2023-12-13
576,576,Savings,1,351973.71,2025-12-18
577,577,Fixed Deposit,1,430762.67,2021-06-30
578,578,Savings,2,216426.04,2022-09-18
579,579,Recurring Deposit,3,356175.05,2025-01-23
580,580,Recurring Deposit,4,218159.83,2021-05-09
581,581,Current,2,237960.84,2021-06-05
582,582,Current,5,192912.93,2022-09-26
583,583,Fixed Deposit,4,77979.38,2024-06-14
584,584,Current,2,6789.77,2025-12-04
585,585,Savings,2,360948.28,2022-06-21
586,586,Recurring Deposit,4,487512.54,2023-05-23
587,587,Current,1,69472.91,2021-06-07
588,588,Recurring Deposit,4,446897.65,2025-07-07
589,589,Recurring Deposit,5,90718.89,2025-01-10
590,590,Recurring Deposit,5,410215.64,2025-02-17
591,591,Recurring Deposit,3,113644.72,2021-12-13
592,592,Recurring Deposit,5,4707.57,2025-09-15
593,593,Recurring Deposit,2,356352.87,2022-04-22
594,594,Fixed Deposit,4,463355.66,2022-06-07
595,595,Fixed Deposit,1,489138.49,2022-08-17
596,596,Recurring Deposit,3,57469.02,2025-01-05
597,597,Recurring Deposit,1,71901.65,2023-05-29
598,598,Fixed Deposit,4,258957.83,2024-05-18
599,599,Savings,2,236753.33,2021-09-01
600,600,Savings,5,399251.02,2022-08-12
601,601,Fixed Deposit,5,27334.36,2025-01-20
602,602,Fixed Deposit,5,389485.04,2021-12-06
603,603,Recurring Deposit,4,256818.89,2023-05-07
604,604,Recurring Deposit,5,367173.46,2024-11-01
605,605,Recurring Deposit,3,480330.07,2021-07-30
606,606,Fixed Deposit,3,84586.57,2022-04-07
607,607,Fixed Deposit,5,130961.13,2022-02-01
608,608,Recurring Deposit,5,85370.54,2024-05-18
609,609,Savings,3,404638.99,2023-05-25
610,610,Savings,3,242895.33,2025-09-13
611,611,Current,5,39354.27,2026-02-27
612,612,Fixed Deposit,3,67136.84,2022-04-05
613,613,Fixed Deposit,3,429071.33,2024-12-23
614,614,Savings,1,302306.95,2023-06-27
615,615,Current,4,185513.65,2023-01-27
616,616,Current,3,391481.32,2025-03-12
617,617,Current,4,91223.79,2021-08-14
618,618,Savings,3,492051.76,2025-11-13
619,619,Current,5,467036.99,2023-12-21
620,620,Current,4,376627.89,2021-05-14
621,621,Recurring Deposit,4,119735.77,2021-09-16
622,622,Recurring Deposit,2,106217.52,2025-05-27
623,623,Fixed Deposit,1,321488.29,2023-03-27
624,624,Savings,1,84632.6,2022-05-10
625,625,Recurring Deposit,4,151382.2,2026-02-26
626,626,Current,4,342071.47,2023-04-08
627,627,Recurring Deposit,4,132049.95,2026-01-26
628,628,Recurring Deposit,1,145107.32,2026-01-17
629,629,Recurring Deposit,4,339568.21,2023-04-02
630,630,Savings,1,458938.36,2023-06-08
631,631,Fixed Deposit,4,305632.3,2024-05-02
632,632,Fixed Deposit,3,135892.73,2025-12-27
633,633,Savings,3,327517.3,2025-03-23
634,634,Recurring Deposit,4,386802.36,2023-02-04
635,635,Current,5,385478.15,2024-09-15
636,636,Fixed Deposit,2,157321.64,2022-05-24
637,637,Savings,1,416013.06,2021-08-08
638,638,Savings,4,49751.68,2024-07-05
639,639,Savings,4,176406.69,2025-05-06
640,640,Fixed Deposit,3,97346.69,2022-03-07
641,641,Savings,5,46878.7,2022-08-02
642,642,Current,5,319403.36,2023-06-25
643,643,Savings,1,428363.97,2023-10-21
644,644,Current,4,328540.92,2024-09-27
645,645,Current,1,348131.16,2021-03-19
646,646,Fixed Deposit,3,234010.83,2025-07-03
647,647,Savings,4,461425.0,2021-12-02
648,648,Fixed Deposit,4,346418.52,2022-03-23
649,649,Fixed Deposit,3,81821.05,2024-04-28
650,650,Savings,3,388775.87,2026-02-16
651,651,Recurring Deposit,4,166994.71,2023-11-29
652,652,Savings,3,477847.24,2023-01-12
653,653,Fixed Deposit,2,220846.84,2021-10-17
654,654,Recurring Deposit,2,305540.64,2023-04-06
655,655,Current,4,55106.8,2025-05-30
656,656,Recurring Deposit,2,307369.18,2023-10-12
657,657,Savings,4,357984.76,2025-11-19
658,658,Savings,1,37386.83,2024-07-02
659,659,Fixed Deposit,4,10363.63,2024-03-23
660,660,Recurring Deposit,2,326779.8,2025-03-12
661,661,Savings,1,332638.31,2025-05-12
662,662,Fixed Deposit,2,350327.54,2024-04-29
663,663,Recurring Deposit,5,2848.17,2024-11-01
664,664,Recurring Deposit,4,218592.78,2023-11-01
665,665,Savings,5,113697.57,2021-03-31
666,666,Recurring Deposit,4,61480.62,2024-05-01
667,667,Fixed Deposit,3,341236.03,2024-08-18
668,668,Recurring Deposit,1,316503.99,2025-05-31
669,669,Savings,3,267778.52,2022-07-31
670,670,Fixed Deposit,1,420749.61,2022-11-16
671,671,Fixed Deposit,2,89132.53,2022-09-20
672,672,Savings,4,330706.31,2021-06-24
673,673,Fixed Deposit,4,448333.89,2023-09-17
674,674,Fixed Deposit,4,43346.38,2022-04-28
675,675,Recurring Deposit,2,70831.53,2024-07-19
676,676,Current,1,360149.78,2024-01-13
677,677,Current,4,194995.0,2025-12-24
678,678,Fixed Deposit,4,267436.08,2025-11-12
679,679,Recurring Deposit,1,19484.3,2024-02-13
680,680,Savings,3,394101.49,2021-10-04
681,681,Savings,4,59975.37,2024-05-28
682,682,Recurring Deposit,5,75327.86,2022-02-18
683,683,Current,1,19401.96,2023-05-22
684,684,Current,4,327261.93,2021-09-07
685,685,Recurring Deposit,5,23855.05,2022-03-12
686,686,Current,1,86952.26,2025-10-27
687,687,Savings,3,410548.87,2025-12-01
688,688,Savings,4,306001.72,2023-04-15
689,689,Savings,1,57975.66,2022-01-11
690,690,Current,1,402422.31,2022-01-18
691,691,Recurring Deposit,3,405948.99,2021-05-09
692,692,Recurring Deposit,3,61280.42,2023-02-05
693,693,Current,3,418377.12,2023-07-27
694,694,Current,1,296949.54,2021-05-03
695,695,Fixed Deposit,1,61252.0,2021-12-13
696,696,Current,4,84857.38,2025-02-09
697,697,Fixed Deposit,5,83338.06,2025-07-08
698,698,Current,5,21308.75,2023-09-24
699,699,Savings,5,188689.4,2023-11-29
700,700,Current,1,439933.84,2024-08-11
701,701,Savings,1,4604.77,2023-02-23
702,702,Savings,5,443570.66,2023-10-21
703,703,Recurring Deposit,4,346486.81,2023-11-01
704,704,Current,2,320273.03,2024-02-17
705,705,Recurring Deposit,4,120387.63,2021-09-24
706,706,Current,5,346145.11,2023-09-21
707,707,Current,4,306412.86,2023-07-02
708,708,Savings,3,174578.93,2022-10-12
709,709,Savings,5,118583.86,2025-12-09
710,710,Savings,5,488418.95,2022-10-01
711,711,Fixed Deposit,5,254262.84,2024-11-13
712,712,Recurring Deposit,2,138936.87,2022-03-14
713,713,Current,1,398509.87,2023-03-27
714,714,Recurring Deposit,4,88985.58,2024-10-17
715,715,Savings,1,322785.56,2023-11-20
716,716,Fixed Deposit,2,217901.15,2025-07-03
717,717,Fixed Deposit,5,402771.68,2024-09-26
718,718,Recurring Deposit,1,53106.13,2025-10-26
719,719,Savings,5,88767.92,2023-06-15
720,720,Savings,4,257936.96,2023-02-24
721,721,Savings,2,360980.14,2021-11-12
722,722,Fixed Deposit,4,100176.95,2024-12-30
723,723,Fixed Deposit,2,389708.66,2024-12-01
724,724,Fixed Deposit,2,49934.0,2025-04-25
725,725,Recurring Deposit,2,188390.66,2025-11-12
726,726,Current,1,236024.14,2025-02-08
727,727,Recurring Deposit,1,445353.93,2025-09-23
728,728,Current,2,464015.67,2026-01-25
729,729,Recurring Deposit,2,194277.82,2024-10-29
730,730,Current,4,360190.79,2024-06-15
731,731,Fixed Deposit,3,101903.23,2024-09-20
732,732,Current,1,346413.05,2021-04-02
733,733,Savings,3,69114.25,2024-02-26
734,734,Recurring Deposit,4,209693.69,2021-12-23
735,735,Fixed Deposit,2,443318.08,2025-09-11
736,736,Current,5,452883.47,2024-06-26
737,737,Current,1,206436.38,2023-02-06
738,738,Recurring Deposit,2,296198.85,2021-11-01
739,739,Recurring Deposit,3,8237.42,2024-01-02
740,740,Recurring Deposit,2,124667.89,2022-07-28
741,741,Recurring Deposit,5,111980.9,2024-02-11
742,742,Current,5,449227.65,2024-12-28
743,743,Recurring Deposit,1,20989.28,2021-12-28
744,744,Recurring Deposit,5,17776.66,2021-09-29
745,745,Recurring Deposit,4,405048.54,2022-06-03
746,746,Savings,4,248147.24,2022-10-28
747,747,Savings,5,376786.27,2024-04-01
748,748,Recurring Deposit,2,67223.29,2023-12-31
749,749,Fixed Deposit,2,324172.46,2025-12-11
750,750,Savings,1,240411.69,2024-05-05
751,751,Fixed Deposit,2,351948.94,2023-02-15
752,752,Savings,4,232416.56,2023-06-11
753,753,Current,4,93287.92,2024-09-28
754,754,Fixed Deposit,4,352247.13,2023-11-09
755,755,Savings,1,193054.75,2023-11-04
756,756,Fixed Deposit,5,17324.37,2022-06-23
757,757,Recurring Deposit,3,349329.44,2024-11-24
758,758,Current,1,310607.15,2025-01-10
759,759,Fixed Deposit,1,257853.5,2025-04-08
760,760,Fixed Deposit,1,56372.31,2021-10-08
761,761,Fixed Deposit,4,309947.59,2025-12-19
762,762,Fixed Deposit,3,88458.43,2024-05-05
763,763,Savings,5,354959.23,2025-07-18
764,764,Current,2,490644.56,2025-10-02
765,765,Current,5,57665.28,2021-07-23
766,766,Recurring Deposit,5,435694.56,2025-02-26
767,767,Current,2,160911.44,2022-09-06
768,768,Fixed Deposit,5,340433.14,2023-05-21
769,769,Fixed Deposit,1,32621.22,2025-06-25
770,770,Fixed Deposit,4,243627.23,2024-06-11
771,771,Savings,4,355202.82,2024-06-03
772,772,Fixed Deposit,4,310854.68,2025-12-26
773,773,Savings,2,446059.7,2021-10-23
774,774,Recurring Deposit,1,41005.03,2024-02-11
775,775,Current,3,479170.0,2022-09-25
776,776,Savings,1,83218.34,2022-04-04
777,777,Savings,2,248668.04,2022-09-19
778,778,Current,5,476100.28,2024-04-30
779,779,Savings,3,208851.79,2023-03-16
780,780,Current,4,174003.42,2025-03-02
781,781,Recurring Deposit,1,146466.88,2025-01-10
782,782,Savings,1,436025.06,2025-10-27
783,783,Current,5,322691.34,2025-08-25
784,784,Recurring Deposit,5,172053.45,2025-12-26
785,785,Fixed Deposit,4,297085.27,2023-07-02
786,786,Recurring Deposit,4,152737.09,2024-02-09
787,787,Current,3,86696.83,2022-04-17
788,788,Fixed Deposit,2,242637.31,2021-12-14
789,789,Fixed Deposit,1,75020.83,2023-03-01
790,790,Fixed Deposit,4,478150.71,2024-03-18
791,791,Current,5,143338.04,2022-05-27
792,792,Current,2,81466.1,2022-08-04
793,793,Savings,1,496892.75,2024-05-03
794,794,Current,4,130943.19,2026-02-14
795,795,Current,2,281681.13,2021-11-19
796,796,Savings,3,489033.26,2021-08-19
797,797,Current,3,224766.12,2023-05-18
798,798,Current,5,151478.32,2024-01-06
799,799,Savings,4,465603.39,2022-07-28
800,800,Current,4,463977.83,2024-07-17
801,801,Current,1,485104.93,2024-05-27
802,802,Fixed Deposit,3,237481.43,2022-10-25
803,803,Fixed Deposit,5,333776.98,2022-04-06
804,804,Recurring Deposit,3,344884.34,2024-08-11
805,805,Recurring Deposit,1,70572.22,2021-07-29
806,806,Savings,3,13373.0,2023-11-10
807,807,Current,4,179339.38,2024-10-28
808,808,Fixed Deposit,1,304467.45,2026-02-22
809,809,Current,5,263690.49,2021-08-30
810,810,Fixed Deposit,2,12251.77,2022-06-28
811,811,Recurring Deposit,1,487943.91,2026-03-03
812,812,Recurring Deposit,2,245742.21,2024-11-13
813,813,Savings,3,199381.44,2021-09-13
814,814,Recurring Deposit,3,193670.2,2021-03-29
815,815,Savings,3,173115.19,2021-12-14
816,816,Fixed Deposit,4,437276.57,2022-12-21
817,817,Savings,2,364198.83,2025-01-02
818,818,Recurring Deposit,4,402039.07,2023-05-28
819,819,Fixed Deposit,2,403030.72,2021-05-27
820,820,Recurring Deposit,4,70644.28,2024-11-03
821,821,Savings,2,104684.11,2025-08-15
822,822,Recurring Deposit,5,493332.54,2022-12-14
823,823,Savings,5,378300.91,2022-06-14
824,824,Savings,1,205320.86,2021-07-19
825,825,Fixed Deposit,4,88271.61,2023-11-23
826,826,Recurring Deposit,5,377866.63,2023-03-04
827,827,Current,2,93817.2,2024-10-14
828,828,Recurring Deposit,3,277379.6,2022-06-21
829,829,Savings,3,417458.02,2022-10-26
830,830,Fixed Deposit,4,280081.25,2023-12-21
831,831,Recurring Deposit,2,14393.17,2025-06-29
832,832,Savings,2,132075.83,2023-12-13
833,833,Recurring Deposit,1,327252.67,2022-02-06
834,834,Fixed Deposit,4,90506.78,2022-01-09
835,835,Current,1,60557.98,2022-02-07
836,836,Fixed Deposit,4,497172.14,2021-12-15
837,837,Savings,5,373037.22,2024-03-17
838,838,Recurring Deposit,5,218598.19,2024-09-24
839,839,Fixed Deposit,4,487155.12,2021-10-26
840,840,Savings,3,256750.41,2023-04-05
841,841,Savings,3,82260.77,2022-04-07
842,842,Savings,2,160520.87,2022-06-03
843,843,Current,3,82491.12,2021-09-16
844,844,Fixed Deposit,3,210337.49,2026-01-05
845,845,Fixed Deposit,1,145638.24,2024-03-26
846,846,Savings,5,97713.6,2021-03-25
847,847,Current,1,299782.48,2022-07-31
848,848,Current,5,161980.82,2022-08-10
849,849,Fixed Deposit,3,136458.03,2021-10-18
850,850,Fixed Deposit,1,267675.74,2023-05-27
851,851,Fixed Deposit,2,7435.93,2022-05-11
852,852,Fixed Deposit,3,389625.11,2024-03-17
853,853,Recurring Deposit,3,460532.78,2026-02-14
854,854,Current,1,109720.23,2024-03-27
855,855,Current,2,397758.26,2025-03-23
856,856,Savings,4,230785.19,2022-08-29
857,857,Savings,1,409603.53,2025-11-01
858,858,Savings,4,174756.75,2025-03-14
859,859,Fixed Deposit,2,408702.31,2026-03-01
860,860,Fixed Deposit,2,355237.55,2021-11-12
861,861,Savings,1,111956.57,2023-09-15
862,862,Current,2,154406.73,2022-10-30
863,863,Current,2,490573.67,2022-05-13
864,864,Recurring Deposit,1,39789.91,2023-06-10
865,865,Recurring Deposit,4,22215.95,2024-02-24
866,866,Savings,1,396734.54,2021-04-26
867,867,Savings,4,60342.19,2021-10-13
868,868,Fixed Deposit,1,34057.43,2024-07-23
869,869,Savings,1,391403.04,2025-12-13
870,870,Current,5,450686.26,2023-04-04
871,871,Current,3,15600.3,2021-12-05
872,872,Current,3,474447.01,2021-07-02
873,873,Fixed Deposit,3,81118.11,2023-04-24
874,874,Current,5,285547.44,2021-11-22
875,875,Savings,5,381858.77,2025-04-02
876,876,Current,2,482167.64,2026-03-02
877,877,Current,5,3160.14,2023-02-27
878,878,Savings,2,460318.11,2024-07-19
879,879,Recurring Deposit,3,349368.32,2023-12-07
880,880,Current,4,337089.32,2022-01-16
881,881,Savings,2,417536.33,2023-08-02
882,882,Recurring Deposit,4,107922.73,2024-02-16
883,883,Current,4,57309.89,2025-06-10
884,884,Fixed Deposit,1,233484.95,2022-10-10
885,885,Current,4,381374.57,2024-05-11
886,886,Fixed Deposit,5,361346.15,2025-03-15
887,887,Savings,3,247362.69,2022-03-12
888,888,Recurring Deposit,3,229015.94,2022-10-27
889,889,Fixed Deposit,4,113710.84,2021-08-11
890,890,Recurring Deposit,3,492496.2,2024-01-23
891,891,Recurring Deposit,2,428530.1,2022-08-18
892,892,Recurring Deposit,3,90469.34,2022-09-03
893,893,Recurring Deposit,1,198788.51,2022-11-20
894,894,Savings,1,72540.41,2025-11-03
895,895,Recurring Deposit,5,488807.86,2022-12-06
896,896,Current,1,182491.29,2023-12-12
897,897,Current,3,100931.49,2023-07-29
898,898,Recurring Deposit,1,117201.95,2024-02-11
899,899,Recurring Deposit,4,139980.65,2022-10-17
900,900,Fixed Deposit,4,178692.56,2021-12-20
901,901,Recurring Deposit,4,256195.84,2023-06-02
902,902,Current,4,54910.3,2023-05-08
903,903,Fixed Deposit,4,249139.62,2024-05-02
904,904,Current,1,50702.09,2022-10-29
905,905,Savings,1,249569.32,2022-01-01
906,906,Savings,2,191933.86,2022-12-28
907,907,Fixed Deposit,2,152073.55,2025-01-22
908,908,Savings,1,330879.22,2025-07-10
909,909,Recurring Deposit,4,101763.95,2022-05-18
910,910,Recurring Deposit,4,252892.58,2021-11-29
911,911,Fixed Deposit,5,273763.4,2025-09-21
912,912,Savings,4,440182.71,2023-11-04
913,913,Savings,4,225607.64,2023-01-02
914,914,Recurring Deposit,4,230368.46,2024-09-04
915,915,Savings,2,278776.61,2025-05-15
916,916,Fixed Deposit,2,246248.32,2022-07-18
917,917,Current,3,358145.87,2024-08-16
918,918,Recurring Deposit,1,284858.76,2021-03-21
919,919,Recurring Deposit,5,343001.71,2021-06-21
920,920,Recurring Deposit,4,281565.45,2021-09-24
921,921,Current,5,28812.83,2024-08-29
922,922,Fixed Deposit,4,295931.51,2022-03-11
923,923,Recurring Deposit,5,338567.4,2021-05-30
924,924,Fixed Deposit,3,31650.56,2022-07-08
925,925,Savings,2,418630.14,2025-08-20
926,926,Fixed Deposit,5,14423.02,2023-03-31
927,927,Fixed Deposit,4,49577.67,2024-04-06
928,928,Fixed Deposit,3,206552.87,2021-07-09
929,929,Savings,2,124559.35,2026-02-12
930,930,Fixed Deposit,5,43385.93,2025-01-05
931,931,Savings,3,58121.18,2022-01-24
932,932,Current,1,269669.99,2022-01-27
933,933,Savings,4,329226.13,2024-09-07
934,934,Recurring Deposit,5,257865.15,2021-05-08
935,935,Recurring Deposit,3,11180.73,2023-07-20
936,936,Recurring Deposit,5,12095.99,2026-02-11
937,937,Fixed Deposit,4,285606.42,2022-11-10
938,938,Fixed Deposit,5,49765.11,2023-01-28
939,939,Recurring Deposit,1,345741.12,2021-09-23
940,940,Current,3,248868.97,2026-03-10
941,941,Fixed Deposit,2,307799.11,2022-02-14
942,942,Fixed Deposit,4,101677.55,2023-03-08
943,943,Savings,5,107825.97,2024-12-06
944,944,Fixed Deposit,1,149362.81,2022-02-01
945,945,Recurring Deposit,2,312661.57,2022-01-16
946,946,Savings,5,48272.07,2023-03-13
947,947,Fixed Deposit,3,34567.62,2023-09-28
948,948,Recurring Deposit,4,105659.84,2025-10-17
949,949,Savings,3,252815.13,2022-05-08
950,950,Fixed Deposit,4,332064.89,2024-05-31
951,951,Fixed Deposit,2,207742.81,2026-01-25
952,952,Fixed Deposit,5,258169.25,2022-11-18
953,953,Current,1,314294.12,2024-12-22
954,954,Current,5,250102.61,2024-08-10
955,955,Recurring Deposit,3,468644.3,2025-12-24
956,956,Recurring Deposit,5,363580.92,2021-11-05
957,957,Savings,5,101123.37,2026-02-21
958,958,Recurring Deposit,2,120946.6,2022-07-19
959,959,Fixed Deposit,4,205719.87,2021-06-30
960,960,Savings,2,423137.52,2023-12-08
961,961,Fixed Deposit,3,323375.28,2024-06-09
962,962,Fixed Deposit,5,118828.79,2023-11-17
963,963,Current,1,75831.16,2021-03-25
964,964,Savings,2,398725.34,2023-01-24
965,965,Fixed Deposit,4,243205.79,2021-05-27
966,966,Recurring Deposit,4,323814.1,2025-04-07
967,967,Savings,2,80519.89,2022-07-27
968,968,Current,1,129940.03,2022-09-03
969,969,Fixed Deposit,5,88816.63,2023-06-25
970,970,Savings,4,391334.64,2025-04-23
971,971,Savings,1,157638.48,2023-08-29
972,972,Fixed Deposit,1,450386.87,2025-09-13
973,973,Recurring Deposit,3,336164.36,2025-08-11
974,974,Savings,4,471637.91,2021-08-29
975,975,Current,2,56854.25,2025-08-31
976,976,Savings,5,332444.35,2024-10-29
977,977,Fixed Deposit,4,442397.87,2022-09-29
978,978,Current,5,62016.14,2023-11-04
979,979,Fixed Deposit,3,416334.75,2022-01-11
980,980,Recurring Deposit,2,467814.55,2025-06-20
981,981,Current,2,54300.19,2025-06-17
982,982,Current,3,220298.23,2024-07-23
983,983,Fixed Deposit,5,28906.78,2023-01-13
984,984,Fixed Deposit,1,158928.48,2024-11-30
985,985,Recurring Deposit,4,341686.49,2021-09-09
986,986,Fixed Deposit,2,182136.01,2021-11-05
987,987,Fixed Deposit,3,11516.03,2025-02-18
988,988,Savings,1,345650.55,2024-04-13
989,989,Current,3,276811.22,2025-10-10
990,990,Fixed Deposit,3,451675.39,2022-08-08
991,991,Savings,5,433609.51,2024-05-23
992,992,Recurring Deposit,4,4925.19,2021-12-07
993,993,Recurring Deposit,3,151143.19,2024-09-22
994,994,Current,3,105982.86,2025-04-12
995,995,Current,4,316045.0,2025-07-26
996,996,Recurring Deposit,1,137744.23,2022-08-29
997,997,Savings,4,236074.55,2021-07-11
998,998,Recurring Deposit,3,358975.62,2023-02-07
999,999,Savings,2,349542.61,2024-06-25
1000,1000,Savings,3,211014.4,2021-12-29
